dish_serial,dish_name,unit_price,calories,carbohydrates,protein,fat,fiber,weight
26_47372471472623616,肉末茄子,1.62,64.8,4.32,3.24,3.7800000000000002,1.08,54.0
26_47373257908817920,椒盐虾,6.044604316546762,48.871942446043164,1.2217985611510793,7.330791366906475,2.0363309352517986,0.0,40.726618705035975
26_47373891743649792,酥鱼/红烧肉,6.0,259.23364485981307,8.641121495327104,11.521495327102803,17.282242990654208,1.1521495327102804,57.60747663551402
26_47374676875415552,木耳西兰花,3.113316953316953,18.73007371007371,2.2035380835380836,1.6526535626535626,0.0,1.1017690417690418,55.08845208845209
26_47375044388720640,凉拌黑木耳/素烧鹅,2.67,59.58139534883721,7.4476744186046515,2.9790697674418603,1.9860465116279071,2.4825581395348837,49.651162790697676
26_47375420961722368,西红柿炒鸡蛋,1.54,43.26153846153846,2.276923076923077,3.4153846153846152,2.276923076923077,0.5692307692307692,56.92307692307692
26_47375739703660544,葱油娃娃菜,2.3732741116751273,31.072271573604063,3.4524746192893403,1.380989847715736,1.380989847715736,0.690494923857868,69.0494923857868
26_47376474050793472,香菇鸭块/雪蘑菇肉片,4.0,199.38765432098765,7.477037037037037,17.44641975308642,11.215555555555556,1.8692592592592592,62.30864197530864
26_47376794684362752,韭黄肉丝小炒,4.9,124.79950372208437,5.672704714640198,8.509057071960298,6.807245657568239,1.1345409429280398,56.727047146401986
26_47377396340494336,三色绿豆芽,1.8090456431535271,23.503941908713692,3.5517427385892115,1.6713554633471648,0.783374827109267,0.9920470262793915,52.230982019363765
26_47379061760200704,米饭,0.2098991775006633,259.3856991244362,56.26676837357389,5.38753957725303,0.5984169098788361,0.7981330149464934,199.5274608649509
26_47392490109669376,小酥肉,6.0,117.70833333333333,7.0625,4.708333333333333,8.475000000000001,0.4708333333333333,47.083333333333336
26_47397476881272832,青菜,1.4508771929824562,10.68859649122807,1.9241520467836255,1.0690643274853802,0.14304093567251464,0.7839181286549708,71.25730994152046
26_47398890068119552,大白菜,1.5,10.574646464646465,1.9527272727272726,1.220050505050505,0.08136363636363636,0.8134343434343434,81.34343434343434
26_48457672449724416,红烧排骨,4.891203703703703,184.1724537037037,3.683449074074074,14.733796296296296,11.050347222222221,0.0,73.66898148148148
26_48459880079691776,椒盐带鱼/鸡排,6.5,160.75829383886256,6.028436018957346,12.559241706161137,9.042654028436019,0.5023696682464455,50.23696682464455
26_48461049501978624,茄子豆角,2.3,20.225316455696202,3.3708860759493673,0.8427215189873418,0.0,1.6854430379746836,84.27215189873418
26_48461594572754944,土豆丝/大白菜,1.4589147286821704,114.26511627906977,12.696124031007752,3.174031007751938,6.348062015503876,1.9044186046511626,63.48062015503876
26_48461646162694144,油豆腐烧肉,2.844343629343629,168.06640926640927,6.111505791505792,9.167258687258688,11.45907335907336,1.527876447876448,76.39382239382239
26_48462935516909568,海带丝,2.595135135135135,4.770162162162162,0.9938378378378379,0.47702702702702704,0.03989189189189189,0.39751351351351355,39.75135135135135
26_48463435717021696,蘑菇小炒肉,3.9,75.00923076923077,3.1253846153846156,6.250769230769231,4.375538461538461,1.2501538461538462,62.50769230769231
26_48463756191207424,木耳花菜/青瓜炒蛋,2.0,135.77142857142857,7.542857142857143,9.051428571428572,7.542857142857143,2.262857142857143,75.42857142857143
26_48464571123503104,芹菜香干,2.5840366972477065,51.745798165137614,4.224146788990826,3.168110091743119,2.640091743119266,1.0560366972477064,52.80183486238532
26_48465394704453632,口水鸡,4.0,118.04779411764706,2.360955882352941,11.804779411764706,7.082867647058824,0.0,78.69852941176471
26_48818878670835712,虎皮尖椒/西葫芦炒蛋,2.4791472868217053,196.83204134366926,8.435658914728682,10.544573643410853,12.653488372093022,2.1089147286821706,70.29715762273902
26_48819631481294848,清炒南瓜/豆芽,1.4,57.26117647058823,9.103193277310924,2.5689915966386554,1.5416806722689076,2.0556302521008405,73.41176470588235
26_48821777136226304,千叶豆腐肉丝,3.0,207.0415094339623,14.788679245283017,13.309811320754717,11.091509433962264,1.4788679245283018,73.94339622641509
26_48822604177477632,香酥鸭肉/椒盐虾,5.1,232.959375,10.35375,18.119062500000002,12.9421875,1.035375,51.76875
26_48824212403654656,酸辣藕丝/木耳莴笋,2.1,81.55862068965517,12.641724137931034,3.058563218390805,2.175229885057471,3.941666666666667,67.96551724137932
26_48825273109581824,大排/春卷,5.0,208.25777777777776,18.594444444444445,8.925333333333334,11.156666666666668,1.4875555555555555,74.37777777777778
26_48825909251280896,酸辣土豆丝,1.5081413210445467,46.67666666666666,10.305238095238096,1.2123809523809523,0.060937019969278035,1.091121351766513,60.61904761904762
26_48827102522380288,小黄鱼,5.772972972972973,0.0,0.0,0.0,0.0,0.0,60.527027027027025
26_48828324339912704,卤肉,5.8,158.47359735973598,3.1694719471947197,12.677887788778879,11.410099009900991,0.6338943894389438,63.38943894389439
26_48829126651547648,小炒,3.4,94.04867256637168,6.269911504424779,7.523893805309735,5.015929203539822,1.2539823008849555,62.69911504424779
26_48842303778983936,豆芽,1.4,20.46363636363636,4.024545454545454,2.183030303030303,0.13666666666666666,1.2275757575757575,68.21212121212122
26_49177902981451776,干菜长江豆,2.42,63.93882352941176,10.656470588235294,3.196941176470588,1.598470588235294,2.131294117647059,53.28235294117647
26_49180432411004928,鸡米花/辣子鸡,4.5,179.75877192982455,7.703947368421052,12.839912280701755,10.271929824561404,1.0271929824561403,51.35964912280702
26_49181446346248192,花椒排骨,5.110731707317073,214.41200750469045,3.3501876172607883,16.75093808630394,14.740825515947467,0.6700375234521576,67.00375234521576
26_49182898133274624,鱼香杏鲍菇炒肉,4.427449999999999,135.619,11.0961,9.246749999999999,6.1645,2.4658,61.645
26_49184534943633408,包菜粉丝,1.8938919925512103,72.71396648044693,14.542793296089386,1.6158659217877096,0.8079329608938548,1.6158659217877096,80.79329608938548
26_49186373130915840,醋溜鱼/宫保鸡丁,2.66,295.6219512195122,16.89268292682927,25.3390243902439,12.66951219512195,1.6892682926829268,84.46341463414635
26_49190051107704832,青椒水面筋/木耳西兰,2.8500000000000005,89.0808510638298,11.135106382978725,5.938723404255319,3.7117021276595743,2.9693617021276597,74.23404255319149
26_49192327952076800,青瓜花生米/青椒炒蛋,2.3,171.66760563380282,9.196478873239437,7.357183098591549,11.035774647887324,1.8392957746478873,61.309859154929576
26_49204770417807360,春卷/辣子鸡,4.5,298.6947368421053,18.668421052631583,23.335526315789473,16.801578947368423,1.8668421052631579,93.34210526315789
26_49541748875202560,木耳南瓜/青瓜炒蛋,2.3641975308641974,125.24444444444445,10.437037037037037,8.34962962962963,6.958024691358024,2.0874074074074076,69.58024691358025
26_49544546421444608,木耳花菜,2.1,18.680943396226414,3.459433962264151,1.3837735849056605,0.0,1.3837735849056605,69.18867924528301
26_49547847724568576,茭白榨菜肉丝/杏鲍菇,3.9,124.97142857142858,8.331428571428571,10.414285714285715,5.554285714285714,2.0828571428571427,69.42857142857143
26_49548530490150912,葱油炒鳊鱼,7.14,107.83261802575107,2.1566523605150216,12.939914163090128,5.75107296137339,0.0,71.88841201716738
26_49549292205117440,茄子长江豆/素烧鹅,2.96,124.51263157894738,13.834736842105263,4.150421052631579,6.917368421052632,3.458684210526316,69.17368421052632
26_49550117186965504,豆芽/木耳青菜,1.43,56.248695652173915,8.437304347826087,4.218652173913044,1.4062173913043479,2.8124347826086957,70.31086956521739
26_49550527234707456,葱油鸡,4.242599118942731,154.55506607929516,1.5455506607929514,15.455506607929514,9.273303964757709,0.0,77.27753303964758
26_49555257134551040,鸡排/椒盐排骨,4.62,219.96350364963504,9.427007299270073,15.711678832116789,12.569343065693431,1.256934306569343,62.846715328467155
26_49570510991921152,韭黄炒西葫芦,2.1,39.28888888888889,3.606666666666667,1.6177777777777778,2.4022222222222225,0.9711111111111111,46.22222222222222
26_49573069664161792,西葫芦/花菜,2.1,38.785714285714285,7.757142857142857,1.9385714285714286,0.3885714285714286,2.327142857142857,77.57142857142857
26_49903795932631040,葱油扇贝,7.258757062146892,114.22033898305085,3.8073446327683613,15.229378531073445,4.568813559322034,0.0,76.14689265536722
26_49905814495956992,茄子长豆/虎皮青椒,2.55,85.8468085106383,7.726099290780141,3.2193617021276597,5.150921985815603,2.575744680851064,71.53900709219859
26_49909032047218688,红烧肉/香菇鸡肉,4.3,245.36363636363637,7.667613636363637,19.16903409090909,15.335227272727273,1.5335227272727272,76.67613636363636
26_49912240417148928,韭黄肉丝/红烧大排,5.56,217.3206106870229,9.313740458015266,15.522900763358779,12.418320610687022,1.2418320610687024,62.091603053435115
26_49913839134838784,芹菜香干/青瓜凉皮,2.32,121.34322580645161,16.85322580645161,5.393032258064516,4.044774193548387,2.696516129032258,67.41290322580645
26_49914653857419264,木耳莴笋,2.39328,28.8424,5.883936,1.442192,0.17296,1.6150879999999999,57.6848
26_49915420467138560,牛肉,16.5725,113.6375,0.9091,11.818299999999999,7.2728,0.0,45.455
26_49916397656084480,雪菜毛豆/青椒面筋,2.76,105.03692307692307,12.837846153846154,4.6683076923076925,4.084769230769231,2.3341538461538462,58.353846153846156
26_49917049941659648,青菜/白菜油腐,1.5,95.97073170731707,4.798536585365854,6.398048780487804,5.59829268292683,2.399268292682927,79.97560975609755
26_49917743172030464,虎皮包/油爆虾,6.196078431372549,151.5843137254902,5.413725490196078,13.534313725490197,8.120588235294118,1.0827450980392157,54.13725490196079
26_51362407922143232,红烧子排,6.0,153.09426229508196,3.0618852459016392,12.247540983606557,9.185655737704918,0.0,61.23770491803279
26_51365959914622976,春卷/山药卷,4.5,105.87238095238095,13.474666666666666,2.4061904761904764,4.812380952380953,1.4437142857142857,48.12380952380953
26_51366669880266752,虎皮尖椒/家常豆腐,2.9,211.03703703703704,11.305555555555555,9.044444444444444,13.566666666666666,2.261111111111111,75.37037037037037
26_51367115072081920,西兰花/韭黄炒鸡蛋,2.59,138.2544,6.144640000000001,9.21696,7.6808000000000005,2.30424,76.808
26_51368186062442496,蘑菇肉片/椒盐虾,5.5,181.78560000000002,6.81696,15.90624,10.22544,1.70424,56.808
26_51368982778875904,酱爆茄子/土豆洋葱,2.5,135.225,15.250546875,3.380546875,7.6626562499999995,2.85484375,75.125
26_51410054775181312,红烧茄子,2.0,84.86197183098591,7.0718309859154935,2.121549295774648,5.657464788732394,1.4143661971830985,70.71830985915493
26_51414057911193600,卤鸭,4.6445137157107235,165.72568578553617,2.0715710723192022,13.810473815461346,11.738902743142145,0.0,69.05236907730674
26_51713064214597632,黄豆猪脚,4.604069767441861,137.49593023255812,4.341976744186047,14.473255813953488,7.236627906976744,1.447325581395349,72.36627906976744
26_51716651443425280,椒盐带鱼/油爆虾,6.2,180.75428571428571,5.648571428571429,15.816,10.167428571428571,0.5648571428571428,56.48571428571429
26_51718413919326208,香菇鸡肉/鱼香肉丝,4.0,188.8864864864865,12.142702702702701,16.864864864864863,8.095135135135134,2.0237837837837835,67.45945945945945
26_51720104274169856,鸭血豆腐/包菜粉丝,2.3,253.96610169491527,27.777542372881356,14.285593220338983,9.523728813559321,3.174576271186441,79.36440677966101
26_51721242000101376,雪菜素鸡/丝瓜毛豆子,2.5,135.80526315789473,11.317105263157895,9.053684210526315,6.035789473684211,3.7723684210526316,75.44736842105263
26_51722718197977088,木耳花菜/青韭炒蛋,2.5,115.27826086956522,5.1234782608695655,7.685217391304348,6.404347826086957,1.921304347826087,64.04347826086956
26_51726827219193856,芦笋牛柳/莴笋目鱼花,5.2,177.81960784313725,6.668235294117647,15.55921568627451,10.00235294117647,2.2227450980392156,55.568627450980394
26_51728015360659456,白菜油付/土豆丝,1.6,77.92987012987014,8.312727272727273,2.2725324675324674,4.6755844155844155,1.5586363636363636,64.94155844155844
26_52080884723093504,素包子,2.8,99.10714285714286,19.821428571428573,3.3035714285714284,1.3214285714285714,1.3214285714285714,66.07142857142857
26_52083150117015552,木耳炒蛋/水面筋,3.3,153.61568627450978,19.201960784313723,6.583529411764705,5.486274509803922,1.6458823529411764,54.86274509803921
26_52085560046653440,大排/糖醋里脊,4.914285714285714,174.0,11.185714285714285,12.428571428571429,9.321428571428571,0.6214285714285713,62.142857142857146
26_52086867788697600,黄鱼,5.75,68.45547008547008,0.0,14.678461538461537,0.8475213675213675,0.0,70.57264957264957
26_52087588835692544,酱鸭,4.792443064182194,165.42944099378883,1.8587577639751551,11.152546583850933,12.391718426501035,0.0,61.958592132505174
26_52088646337171456,藕片/芋头,2.4,70.488,16.1538,1.4686,0.1766,1.8796000000000002,58.74
26_52089599958323200,豆芽/青菜,1.564502617801047,23.97884816753927,4.632329842931937,1.744109947643979,0.10918848167539268,0.9807591623036649,54.49738219895288
26_52090573565333504,葱油娃娃菜/莴苣,2.2,31.897499999999997,4.394333333333334,1.7715,1.2763333333333333,1.4176666666666666,70.88333333333334
26_52091412858146816,盐水虾/卤肉,6.0,214.3448275862069,6.698275862068965,16.745689655172413,13.39655172413793,1.339655172413793,66.98275862068965
26_52093181633892352,鸡排/茭白肉丝,5.0,181.92786885245903,6.822295081967213,15.918688524590163,10.23344262295082,1.1370491803278688,56.85245901639344
26_52095219390353408,大排,5.3239562624254475,204.04324055666004,4.0808648111332015,16.323459244532806,12.242594433399601,0.0,81.61729622266401
26_52095537637363712,糖醋里脊,4.156446991404011,169.15472779369628,13.532378223495703,10.149283667621777,6.766189111747852,0.676618911174785,67.6618911174785
26_52444681157611520,酥鱼/椒盐虾,6.1,177.36,6.651,15.519,9.9765,1.1085,55.425
26_52445796284633088,春卷,4.51254295532646,118.51804123711341,14.222164948453607,3.7925773195876293,4.740721649484536,0.9481443298969073,47.40721649484536
26_52450328280436736,千叶豆腐肉丝/茭白肉,4.0,216.77647058823527,16.935661764705884,12.193676470588235,10.16139705882353,2.032279411764706,67.74264705882354
26_52450971313377280,黄瓜炒蛋/丝瓜,2.32,82.9375,6.911458333333333,5.529166666666666,4.1468750000000005,1.3822916666666665,69.11458333333333
26_52451857385263104,白菜/土豆丝,1.42,78.86785714285715,11.830178571428572,2.3004464285714286,3.2861607142857143,1.9716964285714287,65.72321428571429
26_52452487331975168,莴苣,2.6,8.311851851851852,1.662222222222222,0.5937037037037037,0.059814814814814814,0.35641975308641977,59.370370370370374
26_52466627144454144,土豆丝/青菜,1.5942971887550201,75.14698795180722,10.520722891566264,2.191566265060241,3.2562248995983936,1.8786746987951808,62.622489959839356
26_53531189297942528,红烧白萝卜/红烧茄子,2.2,96.95555555555556,9.938333333333333,2.8274074074074074,5.493888888888889,2.5857407407407407,80.79629629629629
26_53531764332826624,香菇肉丝/鸡排,4.916260162601626,99.53048780487805,6.635365853658536,7.962439024390243,4.644756097560975,1.3270731707317072,66.35365853658537
26_53533575408128000,盐水虾,6.9852991452991455,51.758384615384614,0.0,12.54748717948718,0.15672649572649572,0.0,52.28119658119658
26_53534016422416384,扎肉,7.64,180.82894736842104,3.616578947368421,10.849736842105262,13.019684210526314,0.7233157894736842,72.33157894736843
26_53535331613544448,莴笋烧肉/千张节烧肉,5.0,198.4271186440678,7.441016949152542,11.161525423728813,13.64186440677966,1.8602542372881354,62.00847457627118
26_53536912681603072,花菜,2.95,13.50438596491228,2.2687719298245614,1.3503508771929824,0.1080701754385965,1.3503508771929824,54.01754385964912
26_53537949731655680,大白菜/豆芽,1.65,24.63936877076412,4.6544850498338874,1.7523920265780732,0.10976744186046511,1.1498006644518273,54.754152823920265
26_53539013633642496,青椒炒鸡蛋,2.47,67.092,1.6772999999999998,4.472799999999999,4.472799999999999,0.5590999999999999,55.91
26_53541756465188864,青椒炒面筋/咸菜绿豆,2.25,188.8,20.65,7.08,8.85,3.54,59.0
26_53555184835629056,红烧茄子/油麦菜,2.2,138.16551724137932,15.351724137931035,3.070344827586207,7.675862068965517,2.302758620689655,76.75862068965517
26_53893152209244160,红烧肉,5.402976190476191,145.48363095238096,2.909672619047619,5.819345238095238,11.638690476190476,0.0,58.19345238095238
26_53896969558560768,家常豆腐,2.6262560153994228,68.34956689124158,2.5334744947064487,7.188527430221367,3.5939846005774783,0.35343599615014437,58.92204042348412
26_53900193216729088,西葫芦肉丝/茭白肉丝,4.18,97.65405405405406,6.51027027027027,8.137837837837838,4.34018018018018,1.6275675675675676,54.252252252252255
26_53901957773004800,清烧南瓜/葱油芋头,2.31,84.30830039525692,14.262292490118577,1.7562055335968378,2.6696442687747033,2.2483399209486166,70.25691699604744
26_53904924488110080,大白菜/黄瓜炒蛋,2.2316666666666665,100.32142857142857,6.688095238095238,6.688095238095238,5.35047619047619,1.3376190476190475,66.88095238095238
26_53906769008791552,土豆丝/小青菜,1.62,63.72141176470588,8.921223529411765,1.8584470588235296,2.7610352941176473,1.2742823529411766,53.101176470588236
26_53915177317437440,红烧大排,5.0,185.04545454545453,3.700909090909091,14.803636363636365,11.102727272727272,0.0,74.01818181818182
26_54251333280206848,红烧排骨.,5.2982625482625485,158.7596525096525,3.1751930501930503,12.700772200772201,9.525579150579151,0.0,63.503861003861005
26_54253528629252096,鸡米花/椒盐虾,6.5,121.01694915254237,4.322033898305085,10.805084745762711,6.483050847457627,0.864406779661017,43.220338983050844
26_54255659977412608,付皮包,3.5999999999999996,188.40870307167236,26.37721843003413,7.536348122866895,6.029078498293515,1.5072696245733788,75.36348122866895
26_54258689338642432,椒盐虾，,8.0,54.202816901408454,1.3550704225352113,8.130422535211267,2.258450704225352,0.0,45.16901408450704
26_54259811822473216,红烧茄子/椒盐土豆,2.7,200.7661971830986,21.958802816901407,3.764366197183098,11.293098591549295,3.1369718309859156,62.73943661971831
26_54260617820901376,小青菜,1.609870848708487,9.439483394833948,1.699188191881919,0.9439114391143912,0.1259778597785978,0.6922324723247233,62.92988929889299
26_54261573253992448,付皮包.,4.849999999999999,148.6320754716981,20.808490566037733,5.945283018867925,4.756226415094339,1.1890566037735848,59.45283018867924
26_54262206883303424,莴苣/藕片,2.509375,25.429963235294117,5.255735294117647,0.8479779411764706,0.11308823529411766,1.1868382352941176,56.5110294117647
26_54263125716897792,油豆腐/长江豆肉丝,3.0,236.8,11.1,13.32,16.28,2.9600000000000004,74.0
26_54263983317848064,虎皮尖椒/素烧鹅,2.81,118.07999999999998,6.5600000000000005,5.248,7.872000000000001,1.9680000000000002,65.6
26_54264610626342912,雪菜毛豆/萝卜干炒蛋,2.75,121.2890625,9.703125,7.27734375,5.821875,1.940625,48.515625
26_54280018603413504,油麦菜,2.383917525773196,8.400618556701032,1.1763917525773195,0.7842680412371135,0.22422680412371135,0.6719587628865978,56.004123711340206
26_54619665208578048,千张结烧肉,4.917525773195877,142.97680412371133,5.719072164948454,8.57860824742268,10.294329896907216,1.1438144329896909,57.19072164948454
26_54621133047205888,萝卜丝带鱼,6.0,70.19999999999999,2.925,8.774999999999999,2.34,0.585,58.5
26_54622133506150400,花菜.,2.6,17.329985652797703,2.911477761836442,1.732725968436155,0.13868005738880917,1.732725968436155,69.31994261119081
26_54622809690869760,千叶豆腐肉丝/韭黄肉,4.35,164.34193548387097,11.738709677419354,10.564838709677419,8.804032258064517,1.7608064516129032,58.693548387096776
26_54623899152945152,丝瓜炒蛋/家常豆腐,2.62,220.32592592592596,10.327777777777778,12.393333333333333,15.147407407407409,2.0655555555555556,68.85185185185185
26_54626210130563072,凉拌海带,2.65,5.927207207207207,1.1113513513513513,0.37045045045045044,0.0,0.37045045045045044,37.04504504504504
26_54644640376295424,尖椒肉丝小炒,5.5,162.1875,6.4875,12.975,9.73125,1.2975,64.875
26_54980308440846336,油爆虾,6.111794871794872,105.62051282051281,2.6405128205128205,10.562051282051282,5.281025641025641,0.5281025641025642,52.81025641025641
26_54981264637300736,蘑菇肉片/雪菜鱿鱼,5.45,213.92695652173913,13.370434782608696,16.713043478260868,10.027826086956523,2.674086956521739,66.85217391304347
26_54983366281400320,千叶豆腐肉丝.,4.35,172.0651851851852,12.29037037037037,11.061333333333334,9.217777777777778,1.229037037037037,61.45185185185185
26_54986185294090240,青椒炒面筋,3.0,34.8972972972973,4.3621621621621625,1.454054054054054,1.1632432432432431,0.5816216216216216,29.08108108108108
26_54986325249626112,红烧萝卜/番茄炒鸡蛋,2.3,249.73189964157706,10.702795698924731,13.378494623655914,16.054193548387097,2.675698924731183,89.18996415770609
26_54987069260435456,葱油芋头/莴笋丝,2.7,72.76363636363637,9.580060606060606,2.1215757575757577,3.1535757575757577,2.0613333333333332,60.63636363636363
26_55002413094014976,茭白肉丝小炒,4.529227557411273,98.57724425887265,8.214770354906054,6.571816283924844,4.381210855949895,1.642954070981211,54.765135699373694
26_56074692599091200,西葫芦炒鸡蛋/肉末茄,2.9500000000000006,213.27395833333333,15.233854166666667,13.710468749999999,11.425390625,2.285078125,76.16927083333333
26_56076628970835968,青瓜付竹肉片,4.979753521126761,114.89577464788734,9.574647887323943,7.659718309859155,5.106478873239436,1.9149295774647888,63.83098591549296
26_56427216719974400,椒盐带鱼,6.477600000000001,66.336,2.2112,7.960319999999999,3.0956799999999998,0.0,44.224
26_56436730433245184,鱼香肉丝/蒜苗香干肉,4.5,201.6,9.45,15.75,11.34,1.8900000000000001,63.0
26_56440171394109440,酱爆猪肝,5.2,84.65357142857142,2.5652597402597404,10.261038961038961,3.5913636363636368,0.0,51.3051948051948
26_56456773472751616,木耳芹菜,2.3,12.885802469135802,2.0617283950617282,0.5154320987654321,0.0,1.0308641975308641,51.54320987654321
26_56798140795326464,虎皮青椒/茄子长豆,2.9,140.80298507462686,15.644776119402986,4.693432835820896,7.822388059701493,3.9111940298507464,78.22388059701493
26_56798960022589440,白菜千张丝,2.7580882352941174,57.18970588235294,4.765808823529412,3.8126470588235293,2.382904411764706,1.4297426470588235,47.658088235294116
26_56799404434264064,青椒面筋/西葫芦炒蛋,2.9,192.21176470588236,13.729411764705882,10.297058823529412,12.356470588235293,2.059411764705882,68.6470588235294
26_56803989915832320,莴笋目鱼花,5.8,71.95862068965516,4.7972413793103446,8.994827586206895,2.9982758620689656,1.1993103448275861,59.96551724137931
26_56817115600130048,莴笋肉丝小炒,4.8,56.468333333333334,2.6573333333333333,5.314666666666667,2.6573333333333333,0.6643333333333333,66.43333333333334
26_57153219285094400,宫保鸡丁,3.9275193798449615,102.85994832041344,4.957105943152455,7.435658914728682,5.576744186046511,0.6196382428940569,61.963824289405686
26_57153933495373824,炸鸡排,5.775943396226415,137.62264150943398,7.372641509433962,9.830188679245284,7.372641509433962,0.49150943396226415,49.15094339622642
26_57158785218777088,青瓜炒蛋/莴笋小炒,2.35,122.2781954887218,5.434586466165413,8.15187969924812,6.793233082706767,1.3586466165413533,67.93233082706767
26_57162148266250240,长江豆肉丝/香菇肉丝,4.5,185.325,16.546875,11.91375,7.9425,3.309375,66.1875
26_57164824685187072,椒盐土豆/藕片,2.5,106.26870229007635,14.936870229007633,2.0662595419847327,4.841526717557252,1.829770992366412,59.038167938931295
26_57518440528875520,木耳娃娃菜/黄豆芽,2.4,74.63389830508474,11.195084745762712,4.975593220338983,1.8658474576271185,3.109745762711864,62.19491525423729
26_57520121396203520,葱油芋头,2.330952380952381,78.85714285714286,9.857142857142858,1.3142857142857143,3.9428571428571426,1.3142857142857143,65.71428571428571
26_57522966333886464,西葫芦炒蛋/素鸡,2.8,128.2931506849315,5.701917808219179,8.552876712328768,7.127397260273972,1.4254794520547946,71.27397260273973
26_57523617168232448,蘑菇肉片,5.45,93.3859872611465,3.8910828025477704,11.673248407643312,3.1128662420382165,1.5564331210191082,77.82165605095541
26_57537182121988096,蒜苗香干肉丝,4.580991735537189,142.46446280991736,6.105619834710744,9.158429752066116,7.63202479338843,1.526404958677686,50.8801652892562
26_60416170171437056,红烧带鱼,6.099779249448123,87.79139072847683,2.9263796909492275,11.70551876379691,3.5116556291390726,0.0,58.52759381898455
26_60417649133359104,山药卷,4.75,122.99870689655172,20.21896551724138,2.6958620689655173,3.3698275862068963,0.6739655172413793,33.69827586206897
26_60418731704193024,包菜油付/绿豆芽,1.65,76.20946372239749,6.541892744479496,3.3024605678233443,4.763059936908518,2.413249211356467,63.50788643533123
26_60419548653948928,西红柿炒蛋/葱油芋艿,2.5,263.64852459016396,20.597540983606557,12.358524590163935,14.830229508196723,3.295606557377049,82.39016393442623
26_60420148368117760,葱油广东菜心,2.86726618705036,76.8863309352518,6.15068345323741,2.24226618705036,5.2539568345323735,1.53794964028777,64.07194244604317
26_60424338653974528,四季豆肉丝,4.3,101.16986301369863,6.744657534246575,8.43082191780822,4.496438356164384,1.6861643835616438,56.205479452054796
26_60778850765901824,板栗烧猪脚,5.0,232.54237288135593,9.966101694915254,13.288135593220339,16.610169491525422,1.328813559322034,66.44067796610169
26_60781465637621760,青椒水面筋,3.0801526717557253,61.99007633587786,10.331679389312978,2.5829198473282444,1.5497519083969467,1.0331679389312978,51.658396946564885
26_60783536751382528,鱼香杏鲍菇肉丝,4.8,110.77464788732394,7.552816901408451,9.06338028169014,5.035211267605634,1.5105633802816902,50.352112676056336
26_60784255449567232,红烧萝卜/藕片,2.2,582.5999999999999,76.705,16.995,25.25,17.48,485.5
26_60786976424595456,红烧萝卜,2.2,42.650735294117645,6.824117647058824,0.853014705882353,1.706029411764706,1.706029411764706,85.30147058823529
26_60787252510461952,雪菜毛豆/西葫芦炒蛋,2.75,115.04444444444445,6.391358024691359,7.66962962962963,6.391358024691359,1.9174074074074074,63.91358024691358
26_60788188049969152,青椒田藕,2.4164948453608246,52.026804123711344,9.711288659793814,1.5169587628865981,1.2142268041237114,1.8206701030927834,43.355670103092784
26_60804092892680192,鸡米花,5.534104046242774,109.81572254335259,11.24393063583815,5.621965317919075,4.49757225433526,0.3747976878612717,37.47976878612717
26_61135445588840448,酥鱼,6.094531249999999,87.65625,2.19140625,8.765625,4.3828125,0.43828125,43.828125
26_61137457504194560,鱼香肉丝,4.7,85.2,5.68,6.816,4.5440000000000005,0.5680000000000001,56.8
26_61140837161111552,茄子长豆/青椒素鸡,2.9,134.16835443037974,14.907594936708861,7.453797468354431,5.9630379746835445,4.472278481012658,74.5379746835443
26_61143330393821184,木耳娃娃菜,2.265945945945946,16.555405405405406,2.648864864864865,0.6622162162162163,0.0,0.6622162162162163,66.22162162162162
26_61145100864065536,花椒鸡腿,4.85,199.14375,2.77875,24.0825,9.2625,0.92625,92.625
26_61502544706408448,鸟蛋烧肉,5.2703225806451615,182.87483870967742,4.571870967741935,14.287096774193548,12.572645161290323,0.5714838709677419,57.148387096774194
26_61503148149313536,香菇鸭块,5.3,140.98333333333332,4.511466666666667,11.278666666666666,8.459,1.1278666666666668,56.39333333333333
26_61503305590902784,胖干烧肉,4.757677902621722,282.40449438202245,9.413483146067415,12.55131086142322,18.82696629213483,1.2551310861423222,62.756554307116104
26_61506526787014656,莴笋山药/虎皮尖椒,2.8,76.78983050847458,8.191101694915254,2.8798305084745763,3.96728813559322,2.176016949152542,63.99152542372882
26_61863997825224704,鸭血豆腐,2.3141025641025643,41.75769230769231,0.7592307692307693,9.870000000000001,0.3037179487179487,0.0,75.92307692307692
26_61866566047895552,肉沫茄子/西葫芦炒蛋,2.8,227.63144104803493,16.25938864628821,14.633449781659388,12.194541484716158,3.2518777292576417,81.29694323144105
26_61871928213901312,青椒藕片,2.5788690476190474,31.376964285714287,6.4473214285714295,0.859642857142857,0.08598214285714285,1.2894642857142857,42.982142857142854
26_61873794888896512,长豆香干肉丝,4.3223529411764705,175.11529411764704,6.5668235294117645,9.850235294117647,12.039176470588236,1.6417058823529411,54.72352941176471
26_61886943620894720,包菜油付,1.65,86.7375,6.939140625,2.5297265625,5.9271875,1.5183203125,72.28125
26_62223311366656000,素鸡烧肉,4.5964285714285715,90.39285714285714,6.026190476190476,7.23142857142857,4.820952380952381,1.2052380952380952,60.26190476190476
26_62227258533875712,红烧油片,2.401315789473684,162.35789473684213,5.0736842105263165,12.68421052631579,10.147368421052633,1.0147368421052632,50.73684210526316
26_62228850888806400,雪菜蛋饺,3.7886554621848743,93.5546218487395,4.157983193277311,6.236974789915966,5.197478991596639,0.5197478991596639,51.97478991596638
26_62229591430926336,南瓜饼,2.9,141.04313725490195,20.149019607843137,2.3027450980392157,5.75686274509804,1.1513725490196078,57.568627450980394
26_62231607637053440,素烧鹅,2.8,89.53030303030303,11.937373737373736,2.984343434343434,3.5812121212121215,1.1937373737373738,59.686868686868685
26_62234647941222400,白萝卜/南瓜丝,2.2,30.79658536585366,7.039674796747968,0.8800813008130082,0.14682926829268292,2.0529268292682925,73.32520325203252
26_62588017319219200,白菜油付,1.6,98.25,4.9125000000000005,6.55,5.73125,1.6375,81.875
26_62590508530274304,西红柿炒蛋/红烧茄子,1.8,284.75733333333335,24.91626666666667,10.6784,16.017599999999998,3.5594666666666663,88.98666666666666
26_62591473291497472,虎皮青椒/雪菜毛豆,2.6,72.58705035971224,9.07338129496403,3.6293525179856116,3.024460431654676,2.419568345323741,60.489208633093526
26_62592231093178368,盐菜黄豆芽,2.3792929292929292,59.38181818181818,5.9381818181818184,4.948484848484848,2.474242424242424,1.9793939393939395,49.484848484848484
26_62595882977202176,长江豆肉丝/鱼香肉丝,4.5,163.83333333333334,14.62797619047619,10.532142857142858,7.0214285714285705,1.7553571428571426,58.51190476190476
26_62597593687003136,土豆片,1.55,355.8538888888889,34.47944444444445,4.553888888888888,22.769444444444446,3.252777777777778,65.05555555555556
26_62613763622309888,菜心,2.0,15.458947368421054,2.650526315789474,1.16,0.10999999999999999,0.9942105263157895,55.21052631578947
26_63677854537355264,培红菜蘑菇毛豆肉丝,4.748828828828828,180.73945945945945,8.472162162162162,14.12027027027027,10.166594594594594,2.2592432432432434,56.48108108108108
26_63683371284434944,青韭南瓜丝,2.3895652173913047,52.582173913043476,6.814130434782609,1.7168633540372673,2.414223602484472,1.5024534161490684,53.65527950310559
26_63684984489250816,水波蛋,1.2825174825174823,143.93,1.0065034965034965,13.084545454545454,10.065034965034965,0.0,100.65034965034965
26_64042191542161408,长江豆肉丝,4.5,133.7109375,8.022656249999999,10.696875,6.418125,1.60453125,53.484375
26_64049736054870016,雪菜山药,2.8,73.65483870967742,10.311935483870968,2.147983870967742,3.1914516129032258,1.4729032258064516,61.37903225806452
26_64050994539008000,葱油芋头/红烧萝卜,2.3023809523809526,139.70541871921182,19.869211822660098,2.7163546798029556,6.3641871921182265,3.3372742200328407,77.61412151067323
26_64407596181884928,葱油金针菇,3.1660670731707317,17.789176829268293,3.049573170731707,1.0165243902439025,0.5082621951219513,1.0165243902439025,50.826219512195124
26_64409617773498368,番茄炒蛋/红烧萝卜,1.972091584158416,285.9881188118812,22.342821782178216,13.40569306930693,16.086831683168317,3.574851485148515,89.37128712871286
26_64416482125287424,肉末粉条,1.9268613138686133,219.86569343065693,17.177007299270073,10.306204379562043,12.367445255474452,2.0612408759124086,68.7080291970803
26_64758697263501312,香菇鸡块,5.235135135135136,99.51351351351352,6.634234234234234,9.95135135135135,4.643963963963964,1.3268468468468468,66.34234234234235
26_64773204853526528,冬瓜酿肉,4.265909090909091,34.0,2.125,2.5500000000000003,1.7,0.425,42.5
26_65134805129498624,西葫芦炒蛋,2.75,52.474074074074075,2.248888888888889,3.748148148148148,2.9985185185185186,0.7496296296296296,74.96296296296296
26_66221585450799104,酱肉,7.9,129.69230769230768,2.1615384615384614,8.646153846153846,10.807692307692308,0.4323076923076923,43.23076923076923
26_66572251184631808,花椒鸭,4.75,155.015625,3.1003125000000002,12.401250000000001,9.3009375,0.6200625,62.00625
26_66575384572989440,虎皮蛋烧肉,4.605135951661631,156.51812688821752,6.260725075528701,9.39108761329305,11.269305135951662,0.62607250755287,62.60725075528701
26_66578080193449984,木耳花菜.,2.329245283018868,17.180150943396225,3.181509433962264,1.2726037735849056,0.0,1.2726037735849056,63.630188679245286
26_67306667880091648,番茄炒蛋/青韭南瓜丝,2.2,214.96642335766424,19.193430656934307,9.212846715328467,11.516058394160584,3.0709489051094887,76.77372262773723
26_67309121245941760,雪菜毛豆子,2.7,57.415909090909096,5.741590909090909,3.827727272727273,2.3923295454545457,1.4353977272727272,47.84659090909091
26_67309879295086592,盐焗鸡,4.714795918367347,220.89795918367346,1.1044897959183673,27.612244897959183,11.044897959183674,0.0,110.44897959183673
26_67667212726571008,木耳莴笋片,2.5,34.48513513513514,5.72972972972973,1.8572972972972972,0.6367567567567567,1.4327027027027026,53.054054054054056
26_67667769247797248,胖干烧肉/香菇鸡块,4.2,146.7076923076923,6.876923076923077,11.461538461538462,8.252307692307692,1.3753846153846152,45.84615384615385
26_67675887407075328,白菜,1.5,8.469622641509433,1.5649056603773583,0.9769811320754718,0.06547169811320755,0.6515094339622641,65.15094339622641
26_68754816561713152,青椒素鸡,2.8153846153846156,72.72692307692309,6.060576923076923,7.272692307692308,3.0302884615384613,1.2121153846153847,60.60576923076923
26_68755515173376000,茄子长江豆,2.6283435582822086,89.6245398773006,9.559877300613497,3.361042944785276,4.630674846625767,3.211165644171779,74.68711656441718
26_69865795496316928,香菇菜芯,2.1,29.88125,5.1225,1.7075,0.4275,1.7075,85.375
26_70206708550602752,青椒土豆丝,1.5488721804511278,34.74812030075188,6.949624060150375,1.069172932330827,0.5345864661654135,1.069172932330827,53.45864661654135
26_71654322479435776,虎皮尖椒/茄子长江豆,2.5,140.46923076923076,15.607692307692307,4.682307692307693,7.803846153846154,3.901923076923077,78.03846153846153
26_71663236436594688,莴笋山药,2.4,39.975,8.117954545454545,1.5381818181818183,0.18454545454545457,1.291590909090909,61.5
